REGION	HOMES_SOLD_YOY	MEDIAN_DOM	AVG_SALE_TO_LIST_YOY
San Antonio, TX - Prospect Hill	0.3333333333	77.0	-0.003176164847
Waco, TX - West Waco	0.0	90.5	-0.002571500033
Arlington, TX - Southwest Arlington	0.0303030303	47.0	-0.005584861707
Flower Mound, TX - Canyon Falls	-0.2580645161	55.0	0.00368093419
San Antonio, TX - Shearer Hills-Ridgeview	0.0625	79.0	0.001102544299
Dallas, TX - Forest Hills	1.75	21.0	0.009117214113
Houston, TX - Miramesa at Canyon Lakes West	-0.3125	42.0	0.009699913914
Farmers Branch, TX - Valwood Park	-0.0625	75.0	0.004168880305
Fort Worth, TX - Wedgwood Square	-0.15	75.0	-0.00352144434
The Woodlands, TX - Augusta Pines	0.0625	59.0	-0.004176312061
Rockwall, TX - Chandlers Landing	0.6666666667	110.0	0.01002385498
Houston, TX - Spring Branch Central	-0.1785714286	64.0	-0.004728413153
Dallas, TX - Las Casas	-0.375	35.0	-0.0001604223298
San Antonio, TX - Great Northwest	-0.3111111111	70.0	-0.009642578456
San Antonio, TX - Culebra Park	4.509999999999991	53.5	0.0189005464
Galveston, TX - Lasker Park	-0.3529411765	57.0	0.03680035108
Austin, TX - East Austin	-0.03482587065	90.0	-0.002777384808
League City, TX - Lakes of South Shore Harbour	0.0	88.5	-0.003575466593
Austin, TX - Holly	2.0	129.0	0.007160626657
Houston, TX - University Place	0.08333333333	19.0	0.0434664107
Houston, TX - Greater Third Ward	0.1	74.0	-0.003673493197
Fort Worth, TX - Park Glen	0.1	51.5	-0.004035343208
Arlington, TX - North Arlington	-0.01075268817	49.5	-0.002465244877
Dallas, TX - Piedmont	-0.125	40.0	-0.03302352437
Leander, TX - Block House Creek	0.0	75.5	-0.01940375236
San Antonio, TX - Valley Forge	0.4444444444	78.0	-0.008947599052
Austin, TX - West Austin	0.6	99.5	-0.02836922314
Austin, TX - Lamplight Village	0.3846153846	41.0	-0.01902393314
Waco, TX - North Waco	0.3333333333	110.5	0.005420897439
Austin, TX - Maple Run	-0.06666666667	79.0	0.01065130278
Little Elm, TX - Union Park	0.0	148.0	0.003473629082
Houston, TX - Yocum Gardens	0.05555555556	55.0	0.0004241042688
Fort Worth, TX - John T. White	-0.3448275862	63.0	0.002027108424
Fort Worth, TX - Diamond Hill	-0.2692307692	73.0	-0.01188908301
League City, TX - Bay Colony	-0.02857142857	75.0	0.002049939131
The Woodlands, TX - Panther Creek	0.275862069	16.0	-0.01236282006
University Park, TX - Park Cities	0.1	36.0	-0.006293118411
San Antonio, TX - Oak Park-Northwood	0.2173913043	163.52999999999997	0.004283303051
Austin, TX - Village at Western Oaks	-0.1304347826	41.5	-0.000566702352
Austin, TX - Brentwood	-0.7222222222	70.5	-0.01510533286
Georgetown, TX - Wolf Ranch	0.2307692308	88.0	-0.01083700795
Garland, TX - East Garland	-0.25	52.0	-0.02404385861
Houston, TX - Mid West	-0.1111111111	76.5	-0.01668005855
Houston, TX - Glencairn	-0.0625	63.0	0.003377147362
San Antonio, TX - Northeast San Antonio	-0.0113960114	69.0	-0.005590957524
Baytown, TX - Highland Farms	-0.2857142857	64.5	0.009505584111
Irving, TX - Las Colinas	0.4838709677	43.0	-0.003071808502
Austin, TX - East MLK	-0.25	95.0	-0.003038907536
Houston, TX - Clinton Park Tri-Community	1.0	63.0	0.032814548
Garland, TX - North Garland	-0.1048951049	48.5	-0.01031900811
Houston, TX - MacGregor	0.6666666667	47.0	-0.04150699384
El Paso, TX - Eastview	0.5	68.5	-0.02752784101
Abilene, TX - Original Town South	1.166666667	83.0	0.001792118281
Austin, TX - Pecan Springs Springdale	-0.5652173913	148.5	0.008426629628
Houston, TX - Magnolia Park	0.7	123.0	0.001555232102
Kyle, TX - Blanco River District	-0.2258064516	163.52999999999997	-0.004694635725
Fort Worth, TX - The Ranches	1.0	41.5	0.006471514866
Tyler, TX - Northeast Tyler	-0.2051282051	43.0	0.06305554239859998
Garland, TX - La Prada	-0.1666666667	99.0	-0.02084598523
Houston, TX - Royal Oaks Country Club	1.0	36.0	0.002647421002
Houston, TX - Garden Oaks	0.9	46.0	0.02604973788
El Paso, TX - Westside El Paso	-0.1357142857	55.0	-0.004169721488
Austin, TX - Central Austin	0.625	58.0	-0.02671582216
The Woodlands, TX - Village of Indian Springs	-0.05555555556	32.0	-0.01320953004
Houston, TX - Imperial Oaks	-0.04	46.5	0.01466203502
Austin, TX - University Hills & Windsor Park	0.1290322581	88.5	0.005142936007
San Antonio, TX - Denver Heights	0.2	108.0	0.01203747863
Austin, TX - Southeast Austin	-0.3636363636	75.0	-0.01200847769
Waco, TX - Brookview	0.75	72.5	-0.001178212386
Houston, TX - Ridgemont	0.1818181818	41.0	0.0162656672
Tyler, TX - Midtown Tyler	0.375	11.0	0.06305554239859998
McKinney, TX - Craig Ranch	0.02941176471	70.0	-0.01926523061
Houston, TX - Copperfield	0.06818181818	54.0	-0.01341044459
San Antonio, TX - Sunrise	-0.2222222222	92.5	0.0009740074368
San Antonio, TX - Beacon Hill	-0.2857142857	115.0	-0.03544977353
Houston, TX - Northpointe	-0.2658227848	73.0	-0.01133399273
Sienna Plantation, TX - The Village of Shipman's Landing	-0.07142857143	52.0	0.009864140737
Fate, TX - Woodcreek	-0.07407407407	77.0	-0.005196251657
Houston, TX - Eastex-Jensen	-0.2941176471	19.5	0.06305554239859998
Waco, TX - Carver	0.375	47.0	-0.07704181619
Houston, TX - Westbury	-0.1578947368	56.0	-0.001019575493
Houston, TX - East Little York	0.1714285714	67.0	0.02020309177
Midland, TX - Central City	0.2325581395	55.0	0.05757778971
Houston, TX - Glenbrook Valley Historic District	0.7142857143	27.0	0.008036547834
College Station, TX - East Medical District	0.4375	58.0	0.05811589426
Austin, TX - Springfield at Thaxton Road	0.5555555556	70.0	0.01711352039
Houston, TX - Heritage Park	-0.09523809524	58.0	0.01643395139
Richardson, TX - Heights Park	0.6666666667	29.0	-0.007690323806
Fort Worth, TX - Ridglea North	-0.2857142857	35.0	-0.0488709508
Wylie, TX - Birmingham Farms	0.75	77.0	-0.004786796139
Houston, TX - Greater Inwood	-0.2380952381	34.0	0.002052314152
Fort Worth, TX - Summer Creek Ranch	-0.2666666667	50.0	-0.00757312212
Waco, TX - Mountainview	-0.2380952381	103.0	-0.003310574707
Houston, TX - Longwood Village	0.06666666667	45.5	0.006085334848
Fort Worth, TX - Far Greater Northside Historical	-0.05882352941	32.5	0.01491690408
Houston, TX - Inner Loop	0.004651162791	41.0	0.002139654116
Beaumont, TX - South C. A. North A.	1.5	51.0	0.02799922422
Abilene, TX - Over Place Area	1.5	32.5	-0.06653472613
San Antonio, TX - South Southwest	-0.6666666667	69.0	0.01226285577
Austin, TX - Garrison Park	-0.06896551724	74.0	-0.003870062522
Fulshear, TX - Cross Creek Ranch	-0.2708333333	92.5	-0.005271239666
Four Corners, TX - Aliana	0.4	107.0	0.004215490562
Richardson, TX - Northrich	-0.3529411765	81.0	-0.03360480867
Austin, TX - McNeil	-0.1578947368	46.0	0.002205067539
El Paso, TX - Valley Creek North	-0.1333333333	36.0	0.001721258068
Dallas, TX - Old Lake Highlands	-0.1875	32.0	-0.01052180827
Houston, TX - Benders Landing	0.6923076923	20.0	0.005935185395
Dallas, TX - Spring Creek	0.6666666667	18.0	-0.01419173422
Houston, TX - Hearthstone	-0.09090909091	63.5	-0.007713568398
San Antonio, TX - Southwest San Antonio	-0.4231578947	84.0	0.01396204042
Fort Worth, TX - Hulen Springs Meadow	0.08333333333	107.0	-0.02880861817
Houston, TX - Neartown-Montrose	0.0625	43.5	0.001032085325
Atascocita, TX - Balmoral	-0.3928571429	107.5	0.0103738572
Abilene, TX - Cobb Park Area	0.09090909091	113.0	0.03678275232
Little Elm, TX - Sunset Pointe	-0.5	83.0	0.01704243543
The Colony, TX - Stewart Peninsula	0.25	101.0	0.002603816848
Fort Worth, TX - Southeast Fort Worth	-0.1547619048	58.5	-0.01418248972
Fort Worth, TX - Northside Fort Worth	-0.1162790698	35.5	-0.003272695731
San Antonio, TX - Lavaca	2.0	156.0	-0.02451438398
Houston, TX - Braeburn	0.4	39.0	-0.02497028996
Timberwood Park, TX - Canyon Springs	0.1666666667	122.0	-0.003725730069
Austin, TX - Southwest Austin	-0.2183908046	73.0	-0.008727016914
Garland, TX - Western Heights	0.2941176471	52.0	-0.01786617796
Houston, TX - Central Southwest	0.4166666667	49.0	0.01361430832
Houston, TX - Sherwood Estates	0.3636363636	51.0	-0.002050384049
Houston, TX - Spring Shadows North	0.7419354839	49.0	-0.01774734595
Trophy Club, TX - The Highlands at Trophy Club	-0.07142857143	50.0	0.01395251454
Katy, TX - Lakemont	-0.2307692308	63.5	0.00388115177
Mesquite, TX - Casa View Heights	0.0	53.5	0.01597734534
Fort Worth, TX - Polytechnic Heights	0.1333333333	82.0	0.01171906012
Abilene, TX - Lytle Area	0.3846153846	54.5	-0.008621135059
White Settlement, TX - Meadow Park	0.0	60.0	-0.02873265917
Spring, TX - Spring Trails	-0.07692307692	33.0	-0.01921466175
Dallas, TX - Prestonwood	0.0625	67.0	-0.01178211276
Austin, TX - Gracy Woods	0.07692307692	38.0	-0.009291512208
Houston, TX - Afton Oaks	-0.1538461538	72.0	0.03474212148
Georgetown, TX - Berry Creek	-0.1764705882	96.5	-0.006985910861
Missouri City, TX - Quail Valley	-0.2352941176	59.0	0.007254020294
Fort Worth, TX - Summerfields	-0.1509433962	37.0	-0.01925903577
Conroe, TX - April Sound	0.5625	74.0	0.0209361874
Richardson, TX - Yale Park	0.4166666667	26.0	-0.0312685593
Houston, TX - Washington Avenue-Memorial Park	0.0	52.0	-0.004141943952
Houston, TX - Kings Point Village	0.0	8.0	0.005864653535
Houston, TX - Greater Hobby Area	-0.52	31.5	0.05141942935
Houston, TX - Canyon Lakes West at Stone Gate	-0.537037037	56.0	0.02391859894
Pearland, TX - Southwyck	0.3	27.0	-0.02073242412
Georgetown, TX - Sun City Texas	-0.2118644068	56.0	0.005808420643
Cinco Ranch, TX - Cinco Ranch West	-0.2631578947	18.5	-0.02019367383
Houston, TX - Nottingham Country	0.3529411765	36.0	-0.02036531248
Fort Worth, TX - Monticello	0.2	29.0	0.02138569677
Austin, TX - Jollyville	0.1034482759	42.5	-0.009763083219
Tyler, TX - Southeast Tyler	0.2631578947	27.0	0.005304609492
Richardson, TX - Greenwood Hills	1.375	61.0	-0.03017381758
Fort Worth, TX - Far Northwest Fort Worth	-0.1821428571	71.0	0.0001999574092
Austin, TX - South Congress	-0.16	163.52999999999997	-0.02367170908
Austin, TX - MLK-183	-0.25	87.0	0.01688107772
Kyle, TX - Ranch South District	-0.1343283582	144.0	0.01107382014
San Antonio, TX - Silver Oaks	0.1428571429	120.0	0.02491141559
Oak Ridge North, TX - The Meadows at Imperial Oaks	0.1904761905	95.0	-0.02372412949
Rendon, TX - Far South Fort Worth	-0.125	75.0	-0.002851240239
The Woodlands, TX - Cochran's Crossing	-0.06382978723	16.0	-0.01575636524
San Antonio, TX - East San Antonio	0.1080508475	71.0	0.002319466743
Houston, TX - Kings Manor	0.2222222222	60.0	-0.01066931862
Frisco, TX - Plantation Resort	0.1428571429	32.5	-0.00446580004
Waco, TX - Dean Highlands	-0.2857142857	96.5	-0.002033368539
San Antonio, TX - Cable-Westwood	3.333333333	45.0	0.06305554239859998
Dallas, TX - Lakewood	0.1212121212	26.0	0.005445391781
Austin, TX - Upper Boggy Creek	0.08333333333	47.0	0.0277556746
The Woodlands, TX - Westwood North	1.25	70.5	0.009783512955
Celina, TX - Mustang Lakes	-0.3181818182	47.0	-0.001794279862
Fort Worth, TX - Northbrook	-0.2857142857	73.0	0.01068764435
Austin, TX - North Austin	-0.347826087	63.0	-0.002563416579
Austin, TX - South Brodie	-0.3870967742	61.0	-0.001621996286
Arlington, TX - Huntwick	0.4285714286	79.0	-0.02567591572
Texas City, TX - Mainland Park	0.5	51.5	0.0569145723
Dallas, TX - Bachman-Northwest Highway	-0.4285714286	50.0	0.02168567322
Houston, TX - Lake Houston	-0.3163265306	112.0	-0.001392162568
Fort Worth, TX - West Meadowbrook	0.0	84.0	0.04193718559
Missouri City, TX - Fort Bend Houston	0.1886792453	43.0	0.0027976374
Frisco, TX - Starwood	0.2222222222	20.5	2.088949009e-05
Garland, TX - Village	0.1	57.0	-0.009535538384
Atascocita, TX - The Groves	-0.03225806452	92.0	0.009613285078
Fort Worth, TX - Fairway Bend	0.3333333333	50.0	0.008834453437
The Woodlands, TX - Creekside Park	-0.2115384615	40.5	0.004401425471
Fort Worth, TX - Western Hills	0.4285714286	89.5	-0.04549144221
Canyon Lake, TX - West Canyon Lake	-0.08333333333	129.0	0.01621662698
San Antonio, TX - Eden	1.0	57.5	0.03351809271
The Woodlands, TX - Northampton	-0.2962962963	40.0	0.007391027759
Houston, TX - Braeswood Place	0.34375	17.0	-0.004809661705
El Paso, TX - Central El Paso	0.03296703297	45.5	-0.01812896454
El Paso, TX - Bear Ridge	0.8888888889	53.0	-0.01593877025
Austin, TX - Copperfield	0.3	25.0	-0.009692518341
Fort Worth, TX - Western Hills-Ridglea	-0.2	59.0	-0.01267117537
San Antonio, TX - North San Antonio	-0.02633402633	78.0	-0.003880634708
Lubbock, TX - Southeast Lubbock	-0.06422018349	63.0	0.05945454545
Austin, TX - Rosedale	-0.1666666667	42.5	0.0008325302842
Canyon Lake, TX - Cypress Cove	0.1818181818	83.0	0.009156398672
San Antonio, TX - Los Jardines	0.0	48.0	-0.09594106581
Austin, TX - Avery Ranch-Lakeline	0.05	42.0	-0.01201537025
Houston, TX - Sunnyside	0.1590909091	69.0	0.0138063842
Irving, TX - Arts District	0.875	75.0	-0.04709086577
Houston, TX - Coles Crossing	0.1	37.0	0.007772293144
Fort Worth, TX - Ridglea Hills	-0.1764705882	61.0	-0.004899249635
Austin, TX - Northwest Hills	-0.3333333333	44.5	0.01511270932
Galveston, TX - East End	-0.1441441441	76.0	-0.007042877583
Waco, TX - Kendrick	-0.4444444444	58.5	-0.01443016297
Fort Worth, TX - Meadows West	0.7777777778	51.0	0.02237676772
Houston, TX - Gleannloch Farms	0.3888888889	25.0	0.001422088274
San Antonio, TX - Heritage South	0.1762917933	67.0	0.01764871329
El Paso, TX - Chaparral Park North	0.0	46.0	-0.009891772405
Carrollton, TX - Northeast Carrollton	0.01886792453	30.0	-0.002423239626
Pearland, TX - Lakes of Savannah	-0.1724137931	91.5	0.003270746017
San Antonio, TX - Medina Valley	-0.3220858896	62.0	0.01641939541
Pecan Grove, TX - Rivers Edge	0.25	62.0	-0.005041271842
Katy, TX - Grand Lakes	0.2727272727	41.5	-0.008715074563
Pearland, TX - Country Place	-0.1666666667	44.0	-0.005911959761
Austin, TX - Brentwood-Highland	-0.6428571429	91.0	-0.007292438312
Fort Worth, TX - Saratoga	1.75	52.0	0.02416877232
Austin, TX - Barton Hills	0.0	63.0	0.005863097127
El Paso, TX - Travis White	2.666666667	97.0	0.02964874065
Dallas, TX - Winnetka Heights	-0.4166666667	19.5	-0.007797216557
San Antonio, TX - Alamo Ranch	-0.1666666667	96.0	0.005084242916
Dallas, TX - Northeast Dallas	0.002551020408	35.0	-0.005847852323
Houston, TX - South Acres-Crestmont Park	-0.4302325581	41.0	0.005604244086
Fort Worth, TX - Marine Creek Hills	-0.1428571429	52.0	0.02137723701
Abilene, TX - Westwood Richland	0.5294117647	90.5	0.01463905004
Richardson, TX - Canyon Creek	-0.2173913043	26.0	0.001568798962
Dallas, TX - Oak Cliff	-0.1204819277	62.0	-0.01197284546
Austin, TX - Northwest Austin	-0.075	46.5	-0.0004622363918
Austin, TX - Heritage Hills-Windsor Hills	2.8	106.0	-0.05097552258
San Antonio, TX - Uptown Broadway	0.03703703704	88.0	0.005635451246
Plano, TX - Stratford Estates	0.25	103.0	-0.05457740711
Dallas, TX - Medical District	0.1538461538	65.0	-0.0008851760669
League City, TX - Coastal Point	4.509999999999991	78.0	-0.08068639166
Austin, TX - Crestview	-0.5454545455	162.0	-0.004094620843
Dallas, TX - Buckner Terrace	-0.1515151515	66.0	-0.02504129289
Houston, TX - Southeast Houston	-0.1943661972	52.0	-0.001735255376
Houston, TX - Parkland Village	-0.4909090909	33.0	0.007711307147
Farmers Branch, TX - West Side Farmers Branch	0.0	46.5	-0.005195911225
Cedar Hill, TX - Lake Ridge	-0.07142857143	90.0	-0.005058828918
McKinney, TX - Stonebridge Ranch	-0.1157894737	53.0	0.001395339927
San Antonio, TX - Woodstone	0.1818181818	58.0	-0.003270310563
Houston, TX - Edgebrook	0.0	56.0	-0.01350440421
Midland, TX - 250 Loop	0.6470588235	85.0	-0.04398436112
San Antonio, TX - West Side	0.08181818182	66.0	-0.004773321895
San Antonio, TX - Bridgewood	0.09523809524	64.0	-0.005063005006
San Antonio, TX - Alamo Farmsteads	0.04761904762	59.0	0.01251738588
El Paso, TX - Kohlberg	-0.3333333333	47.5	0.008551092941
Houston, TX - Second Ward	-0.0625	108.0	-0.00357087063
Houston, TX - Eastside	0.0	80.5	0.01551050805
Houston, TX - Briargate	0.2727272727	51.0	-0.02206301568
Austin, TX - Allandale	0.3529411765	101.0	-0.002475756928
San Antonio, TX - People Active in Community Effort	-0.4102564103	88.0	0.02141786801
San Antonio, TX - Northern Hills	0.5	77.0	0.008452229149
Houston, TX - Spring Branch West	-0.01724137931	41.0	0.006998064319
San Antonio, TX - South San Antonio	-0.2486486486	80.0	0.009534791905
Denton, TX - Denia	-0.5	81.0	-0.006652931504
Harker Heights, TX - Union Grove	-0.5454545455	81.0	0.0006168034893
Fort Worth, TX - Fairmount	0.1818181818	43.0	-0.0183562572
Austin, TX - Greater South River City	0.0	163.52999999999997	-0.02146345571
San Antonio, TX - Palm Heights	0.3333333333	48.5	-0.073291723
Fort Worth, TX - Parkwood Hills	4.0	46.5	-0.02611055184
Houston, TX - Canyon Lakes at Stonegate	0.2	23.0	-0.01430957315
Colleyville, TX - Southeast Colleyville	-0.1538461538	64.0	-0.02286335907
Houston, TX - Briargrove Park	0.3333333333	25.5	-0.002076868191
Houston, TX - Shady Acres	0.0	35.0	-0.00678875174
Houston, TX - Remington Ranch	-0.2916666667	112.0	-0.006225513917
League City, TX - Westwood	-0.6774193548	64.0	0.0308413625
Desoto, TX - Windmill Hill	1.5	75.0	0.003801622521
Georgetown, TX - Old Town District	0.25	50.0	0.03289995756
League City, TX - Tuscan Lakes	-0.3043478261	45.5	-0.005148598065
Carrollton, TX - Castle Hills	0.03571428571	58.0	0.003727850641
Houston, TX - Oak Forest	0.06349206349	46.0	-0.007914969469
Houston, TX - Oak Forest-Garden Oaks	0.2301587302	40.5	-0.0008653105841
San Antonio, TX - Kingsborough Ridge	0.4	27.0	0.0009298411809
Galveston, TX - San Jacinto	0.09090909091	82.0	-0.08932408083
Austin, TX - Central East Austin	0.4285714286	78.0	-0.02705712988
Fort Worth, TX - River Trails	0.1666666667	52.0	0.001676730098
Houston, TX - East Downtown	0.7777777778	120.0	-0.008551720232
Abilene, TX - North East Highway 80	4.509999999999991	62.0	-0.0608250833
Austin, TX - Rogers Hill	-0.05	54.0	-0.003482158853
Dallas, TX - Rylie	1.125	67.0	-0.009751058662
Abilene, TX - Buck Creek Area	0.06666666667	28.0	-0.01462145134
Houston, TX - Bear Creek Village	-0.3	33.0	0.006940416017
Houston, TX - Norhill Historic District	-0.1538461538	76.0	-0.01966251386
Pflugerville, TX - Springbrook	-0.07692307692	38.5	-0.001171407727
Porter, TX - Oakhurst at Kingwood	0.0	64.0	-0.003050788819
Canyon Lake, TX - South Canyon Lake	0.1388888889	132.0	0.01734631527
The Woodlands, TX - Harper's Landing	0.3333333333	28.0	-0.003474872241
El Paso, TX - Ranchos del Sol	-0.2307692308	59.5	0.003868653008
Kyle, TX - Mid-Town Community	-0.04255319149	92.0	0.009062021488
San Antonio, TX - Harlandale	0.625	60.0	0.01866645834
Houston, TX - Northwest Houston	0.1653225806	46.0	0.002101123184
Austin, TX - Quail Creek	0.0	85.0	-0.01757887868
Houston, TX - Lakeland Village	-0.0625	47.5	-0.00493297489
Houston, TX - Briar Forest	0.05405405405	44.5	-0.004340181459
Dallas, TX - Westhollow	0.07692307692	26.0	0.00117862811
Kyle, TX - Prairie Highlands District	-0.2093023256	86.0	-0.005088239537
Austin, TX - Slaughter Creek	-0.4444444444	96.0	0.005111068743
Webster, TX - Edgewater	0.1818181818	148.0	0.02076379755
Rosenberg, TX - Central Rosenberg	0.6666666667	35.0	-0.01163967356
Kyle, TX - Downtown Kyle	0.3829787234	102.0	0.0149641472
Dallas, TX - Lake Highlands	0.1083333333	30.5	-0.01403907619
San Antonio, TX - Southside	0.09655172414	82.0	0.02109631367
Plano, TX - Hunters Glen	-0.1428571429	40.0	-0.00190048109
El Paso, TX - Las Teirras	-0.07692307692	64.0	-0.002259320335
Houston, TX - Timbergrove Manor	0.1333333333	35.0	0.001912536386
Garland, TX - Montclair	0.375	29.0	-0.02036278945
Fort Worth, TX - Villages of Woodland Springs	-0.08108108108	66.5	-0.004191271801
San Antonio, TX - Estates-Mission Hills	0.2222222222	116.0	0.005738870637
Dallas, TX - East Kleberg	4.509999999999991	48.5	-0.01560414043
Dallas, TX - Greenway Park	-0.25	47.0	0.007348351741
Dallas, TX - Northaven Park	0.5555555556	29.5	-0.0237010172
San Antonio, TX - Tanglewoodridge	-0.3333333333	64.5	0.02861650777
Mansfield, TX - Walnut Creek Valley	0.5	47.5	-0.01208176056
Galveston, TX - Lake Madeline	0.4285714286	32.5	-0.0007417172869
El Paso, TX - North Hills	-0.2222222222	75.0	-0.002275658012
Dallas, TX - North Oak Cliff	-0.3240740741	67.0	-0.02410797985
San Antonio, TX - Dellview	0.6363636364	46.5	0.01948508086
Sienna Plantation, TX - The Village of Sawmill Lake	0.6666666667	64.0	-0.0340398867
Beaumont, TX - Dowlen West	-0.3333333333	81.0	0.06305554239859998
Houston, TX - Clear Lake City	0.2	37.0	0.02004374749
Richmond, TX - Riverpark West	1.4	88.5	-0.009163315265
Grand Prairie, TX - Mira Lagos	-0.48	82.0	0.01018910325
Austin, TX - Central West Austin	0.6	99.5	-0.02836922314
Houston, TX - Spring Branch Gardens	0.25	36.0	0.00104154535
Fulshear, TX - Fulbrook on Fulshear Creek	1.176470588	110.0	0.01970939465
Katy, TX - Seven Meadows	-0.3684210526	14.0	-0.01877697542
St. Hedwig, TX - East Central San Antonio	0.2798982188	70.0	0.00781229633
Garland, TX - Southgate	0.3333333333	103.5	0.0007508580881
Highland Village, TX - Highland Shores	-0.1428571429	53.0	0.004074488435
Waco, TX - North Lake Waco	-0.2321428571	72.0	0.006713369745
McKinney, TX - Eldorado	0.09090909091	72.5	0.003629589351
Dallas, TX - Riverway Estates-Bruton Terrace	-0.25	28.0	-0.01915131135
Houston, TX - Central Houston	-0.01441441441	47.0	0.001053584781
Houston, TX - Houston Heights West Historic District	4.509999999999991	13.5	-0.01521936706
Houston, TX - Villages of Cypress Lakes	-0.07142857143	42.0	-0.008521514627
Kyle, TX - East Settlement Community	-0.347826087	76.5	-0.001727861946
El Paso, TX - Album	0.25	40.0	0.006156133802
Dallas, TX - Midway Hollow	-0.1875	35.0	0.004780776975
Rowlett, TX - Springfield	0.875	32.0	-0.02365562355
San Antonio, TX - Lakeside	-0.09090909091	129.0	0.05716984485
Dallas, TX - South Central Dallas	-0.05668016194	67.0	-0.008291617203
Houston, TX - Westheimer Lakes	0.2727272727	38.5	-0.001252265935
Houston, TX - East Houston	1.058823529	82.0	0.003515568657
Canyon Lake, TX - Canyon Lake Forest	4.509999999999991	132.0	0.02993872889
San Antonio, TX - The Dominion	-0.07142857143	62.0	0.04965729633
Fort Worth, TX - Northeast Fort Worth	0.02857142857	61.0	-0.01252744245
Abilene, TX - South Treadaway Area	3.4	20.5	0.06153880553
Arlington, TX - Southeast Arlington	-0.1699346405	45.0	0.0009460865944
Fort Worth, TX - Sendera Ranch	-0.1129032258	40.0	0.00627401054
Rosenberg, TX - Bonbrook Plantation	0.4444444444	51.0	-0.01382187081
Houston, TX - Sharpstown	-0.125	47.0	-0.01771640526
Houston, TX - Ryon	0.1428571429	36.0	-0.04943249398
Fort Worth, TX - Meadow Creek	0.25	43.5	1.17799537e-05
Garland, TX - South Garland	-0.1812080537	58.0	-0.01484066568
University Park, TX - University Heights	1.333333333	36.0	-0.002342733085
Killeen, TX - Bridgewood	-0.25	98.0	-0.0003111118122
Colleyville, TX - Central Colleyville	0.5714285714	77.0	0.00856338923
Flower Mound, TX - Wellington	0.0	60.0	-0.007024998584
Georgetown, TX - Cimarron Hills	0.6666666667	159.5	0.01877204782
Roman Forest, TX - Tavola	-0.4166666667	58.0	0.01481824623
Killeen, TX - North Killeen	0.5833333333	97.0	-0.06041233377
Conroe, TX - Walden	0.125	36.0	0.008053558409
Carrollton, TX - Southwest Carrollton	0.1935483871	40.0	-0.00916919084
Houston, TX - Stone Gate	1.6	101.0	0.007025821874
Austin, TX - Crestview-Wooten	-0.4545454545	62.0	-0.002724228334
Fulshear, TX - Tamarron	0.3	32.5	0.004719365723
Houston, TX - South Central Houston	0.1414141414	92.0	-0.0118915265
Houston, TX - Southwest Houston	0.1423728814	42.0	0.004768328254
Houston, TX - Harmony	-0.12	44.0	-0.002911623392
Houston, TX - Greater Eastwood	0.0	116.0	-0.01760012323
Kyle, TX - Heritage Community	-0.3777777778	153.5	-0.007475624659
Round Rock, TX - Forest Creek	2.666666667	99.5	0.008005643704
Houston, TX - Woodland Hills	0.6	82.0	0.01558192595
Houston, TX - Champion Forest	-0.2727272727	134.0	-0.0047217166
Carrollton, TX - Downtown Carrollton	0.4375	42.0	0.02519639596
Abilene, TX - Far Southside	0.7297297297	94.0	0.03581804669
Houston, TX - River Oaks	0.5263157895	77.0	-0.008602555864
Abilene, TX - Chimney Rock Area	-0.15625	46.0	-0.00623150475
Fort Worth, TX - Handley	1.0	71.0	-0.01161457733
Waco, TX - Heart of Texas	0.2	73.0	-0.008866950203
McKinney, TX - Eldorado Heights	-0.5	49.0	-0.005707019611
San Antonio, TX - Sonoma Ranch	-0.2	50.0	0.007563248412
Dallas, TX - Highland Meadows	0.0	97.0	-0.01889004075
The Woodlands, TX - Alden Bridge	-0.06818181818	34.0	-0.004061311315
Dallas, TX - Far North Dallas	0.2544378698	39.0	0.00222853193
Lakeway, TX - Rough Hollow	0.8888888889	119.0	0.003771639671
Waco, TX - Near Northside Waco	-0.1176470588	91.0	0.00569121168
Houston, TX - Westbranch	1.166666667	23.0	0.02803851247
Fort Worth, TX - Remington Point	1.4	73.0	-0.01550721062
Houston, TX - Cypress Creek Lakes	0.8181818182	39.5	-0.004559167162
Fort Worth, TX - Sycamore	0.119047619	41.0	-0.01646597552
Converse, TX - Ventura	-0.5	77.0	0.0116310751
Austin, TX - East Oak Hill	-0.2777777778	57.0	0.008422237885
Katy, TX - Lakes of Bella Terra	1.111111111	38.0	-0.008335729627
El Paso, TX - High Ridge	0.0	53.0	-0.004496024297
El Paso, TX - Milagro Hills	0.8333333333	73.0	0.002047102228
Houston, TX - Towne Lake	-0.09433962264	87.0	0.004881157215
Dallas, TX - West Dallas	-0.1764705882	82.0	-0.001993887411
Prosper, TX - Windsong Ranch	-0.2857142857	78.0	-0.004929087121
Dallas, TX - Central Dallas	0.0	65.0	-0.001917860599
Garland, TX - West Garland	-0.2702702703	55.0	-0.04794536582
Fort Worth, TX - Lake Country	0.6	105.0	-0.03248118107
Sachse, TX - Woodbridge	0.125	38.0	0.006833818215
Houston, TX - Pine Brook	0.4285714286	135.0	-0.02288790992
Plano, TX - Park Forest	-0.3888888889	119.0	-0.01560886368
Conroe, TX - Woodforest	-0.5647058824	57.0	0.01063608884
Austin, TX - South Lamar	-0.08108108108	105.5	0.007277887054
Austin, TX - Bluff Springs	0.1	102.0	-0.009978673672
Sugar Land, TX - Telfair	0.3	50.0	-0.005192619536
Houston, TX - Brays Oaks	0.4705882353	28.0	0.02888356166
Houston, TX - Elm Grove Village	-0.4583333333	104.0	-0.003126788216
Houston, TX - Northside-Northline	-0.306122449	78.0	-0.02975245973
Dallas, TX - White Rock Valley	1.111111111	35.0	0.01276517947
Houston, TX - Greater Heights	-0.04147465438	38.0	-5.178803562e-05
Dallas, TX - Wolf Creek	0.0	66.5	-0.003169761361
Farmers Branch, TX - Central Farmers Branch	0.0	49.0	0.007292451745
Houston, TX - Willow Meadows-Willowbend	0.0	18.5	0.00707475656
Houston, TX - Meadowbrook-Allendale	0.3076923077	99.5	0.001421366691
Houston, TX - Memorial Parkway	1.1	46.0	-0.009893558196
Killeen, TX - Trimmier Estates	0.25	78.0	-0.02483744459
El Paso, TX - Mountain View	0.0	48.0	-0.01789347323
Houston, TX - Clear Lake	0.0612244898	56.0	-0.0005802985046
Waco, TX - Landon Branch	0.0	75.0	-0.01140247606
Austin, TX - Hancock	1.2	163.52999999999997	-0.03210674294
Austin, TX - University Hills	1.25	115.0	-0.02117798872
Houston, TX - Bridgeland	0.06091370558	78.0	-0.00769941673
Richardson, TX - Cottonwood Heights	0.5714285714	73.5	-0.02813941891
San Antonio, TX - Northwest Side	-0.07711138311	74.0	0.002993008392
Allen, TX - Twin Creeks	-0.07407407407	63.0	-0.01150172219
San Antonio, TX - Heritage	-0.08695652174	125.0	-0.03755369709
San Antonio, TX - Braun's Farm	-0.1875	55.0	-0.008034637442
Katy, TX - Grand Mission	0.1	42.0	-0.01176010167
Austin, TX - Laurel Oaks	0.125	43.0	-0.00890689437
Converse, TX - Meadowbrook	-0.4166666667	91.0	0.01064513768
Kyle, TX - Creekway West District	-0.09756097561	77.0	0.0159586596
San Antonio, TX - Bulverde Village	0.1304347826	82.0	-0.004025948752
Lewisville, TX - Lewisville Valley	-0.05	29.0	-0.004798216856
Waco, TX - Highway 84 West	0.4285714286	102.5	-0.01372651173
Colleyville, TX - North Colleyville	0.35	89.0	-0.02323195198
Houston, TX - Energy Corridor	0.9230769231	122.0	-0.05543905079
Dallas, TX - North Dallas	-0.2266666667	32.0	-0.02167612642
Baytown, TX - Old Baytown	-0.2941176471	69.0	0.01212488347
Houston, TX - Acres Home	0.1764705882	63.0	0.001835731631
Austin, TX - South Manchaca	-0.1470588235	73.5	0.003429478587
Mission Bend, TX - Mission Bend South	0.0	39.0	0.006126743232
Houston, TX - Summerwood	0.5555555556	31.5	-0.006674552467
Dallas, TX - Devonshire	-0.25	36.0	-0.0178537088
Austin, TX - Tech Ridge	0.1818181818	62.5	0.004965638189
Round Rock, TX - Meadows at Chandler Creek	0.1111111111	80.0	0.01554964587
Garland, TX - Club Hill	-0.05555555556	48.0	0.005858554853
El Paso, TX - Mission Valley	0.2253521127	35.5	0.001854279808
Dallas, TX - Bertrand	-0.1818181818	60.5	-0.009097851947
Fresno, TX - Teal Run	1.571428571	53.5	0.002470881306
San Antonio, TX - North Central Thousand Oaks	0.0	29.0	0.01047760278
Killeen, TX - Goodnight Ranch	0.0	98.0	-0.006526525122
Houston, TX - Lakewood Forest	0.7777777778	76.0	-0.009957026579
Abilene, TX - Sayles Boulevard Area	0.09090909091	34.0	-0.007041123561
Abilene, TX - River Oaks-Brookhollow	0.9	52.0	0.02592797302
Leander, TX - Crystal Falls	0.2941176471	41.0	-0.004824519609
Austin, TX - Windsor Hills	4.509999999999991	106.0	-0.07251941375
San Antonio, TX - Lackland Terrace	0.3333333333	86.5	0.004036120145
League City, TX - Meadow Bend	1.4	15.5	-0.002062290349
Cinco Ranch, TX - North Lake Village at Cinco Ranch	1.285714286	16.5	-0.01769613648
Fulshear, TX - Cinco Ranch Southwest	0.0	32.0	-0.01116295843
The Colony, TX - Frisco Lakes	-0.08823529412	79.0	0.002674037953
Houston, TX - Meyerland Area	-0.1632653061	34.0	-0.01181506371
Houston, TX - Westchase	1.833333333	39.0	0.009517806848
Friendswood, TX - West Ranch	0.1111111111	61.0	0.01867293507
Fort Worth, TX - Eastside Fort Worth	0.1700680272	64.5	0.001487739809
El Paso, TX - Eastside El Paso	-0.06203473945	51.0	-0.001667644294
Fort Worth, TX - Crawford Farms	0.5	54.5	0.006051904621
San Antonio, TX - Longs Creek	-0.25	42.0	0.009215856666
San Antonio, TX - Highland Hills	0.0	90.0	0.04412232755
Houston, TX - Lazy Brook-Timbergrove	0.04166666667	35.0	-0.01359084252
Houston, TX - Golfcrest-Bellfort-Reveille	0.1875	28.0	-0.008121973523
The Colony, TX - Phillips Creek Ranch	-0.09090909091	29.5	-0.003471333468
Houston, TX - Northshore	-0.04545454545	33.0	-0.01818914078
Dallas, TX - East Dallas	-0.1952662722	45.0	-0.0006888507092
Killeen, TX - Lonesome Dove	1.0	38.0	0.01068596736
Mesquite, TX - Creek Crossing Estates	0.4761904762	56.0	-0.01242263131
Garland, TX - Holford	0.4444444444	44.0	-0.002487126138
Houston, TX - Ost-South Union	0.05172413793	63.0	-0.01155227893
Houston, TX - Spring Branch East	0.1428571429	46.5	0.01301917921
Fort Worth, TX - Southside Fort Worth	-0.26	70.0	-0.02531181055
Arlington, TX - Viridian	0.02083333333	41.0	-0.002994905371
Houston, TX - Copper Lakes	0.7142857143	19.5	0.01009088287
Houston, TX - Greater Fifth Ward	-0.3833333333	92.0	-0.005389452277
Austin, TX - Windsor Park	-0.2608695652	83.0	0.01320437755
Prosper, TX - Light Farms	-0.6551724138	68.5	-0.0167519703
Fort Worth, TX - Watersbend	2.0	94.5	0.01111337678
Dallas, TX - South Dallas	0.075	60.0	0.004631230105
Fort Worth, TX - Arlington Heights	0.2666666667	27.0	-0.007685082534
Houston, TX - South Belt-Ellington	-0.1869158879	46.0	-0.01339310396
Beaumont, TX - Western Hills	-0.4375	33.0	-0.001824645885
Timberwood Park, TX - Kinder Ranch	-0.1	112.0	-0.002107985723
Houston, TX - Memorial	-0.1084337349	39.0	-0.006862246039
Austin, TX - MLK	-0.1538461538	66.0	-0.02659173456
Dallas, TX - Hillcrest Forest	0.7142857143	27.5	-0.0001045570108
Dallas, TX - Preston Hollow	-0.08695652174	37.0	-0.01654738155
Dallas, TX - Casa Linda-Casa View	-0.4	85.0	0.02589979868
Grand Prairie, TX - Trailwood	0.5	27.0	0.002529384159
Houston, TX - Trinity-Houston Gardens	-0.2333333333	87.0	0.004914283915
Dallas, TX - Old East Dallas	-0.1818181818	80.0	0.004027104124
El Paso, TX - Lindberg	2.666666667	23.0	0.01403691425
Austin, TX - Pond Springs	0.07407407407	43.0	-0.0009392334015
Houston, TX - North Houston	0.03684210526	53.0	-0.003519479718
Dallas, TX - Southeast Dallas	0.1314285714	52.0	-0.0044927038
Dallas, TX - Woods-Sugarberry	-0.2142857143	73.0	-0.007986212137
Beaumont, TX - A. C. O. R. North	0.4285714286	36.0	-0.01921290809
Dallas, TX - Randco	0.4545454545	39.5	0.03260802054
Dallas, TX - Northwood Hills-Valley View	-0.08	67.0	0.002264966677
Austin, TX - Northeast Austin	-0.2807017544	67.0	-0.006113061456
Dallas, TX - Pleasant Grove	0.05714285714	62.0	-0.002528565271
Abram, TX - Abram-Perezville	0.0	68.0	-0.0007584972138
San Antonio, TX - Northwest Crossing	0.0	112.0	-0.0447648728
Atascocita, TX - Walden on Lake Houston	-0.2	62.5	0.01523896357
Fort Worth, TX - Twin Mills	1.5	63.0	0.006057600691
Grand Prairie, TX - Westchester	-0.16	44.0	-0.01143965347
Houston, TX - Northside Village	-0.2083333333	41.0	0.01500858386
Dallas, TX - Inwood-Northwest	0.0	26.0	-0.01840289488
Houston, TX - Northeast Houston	-0.0192926045	71.0	0.00916110147
Houston, TX - Eldridge-West Oaks	-0.3292682927	28.0	-0.01036733778
The Woodlands, TX - Indian Springs	-0.1	32.0	-0.01385557707
The Woodlands, TX - College Park	1.666666667	27.5	-0.00230473486
Dallas, TX - North Lake Highlands Estates	0.3333333333	32.0	0.01128631342
Galveston, TX - West End	-0.1290322581	121.0	-0.002452648963
Lubbock, TX - Southwest Lubbock	0.2158273381	54.0	0.06305554239859998
Dallas, TX - Northwest Dallas	-0.07142857143	36.0	-0.001799715961
El Paso, TX - Northtowne Village	-0.3571428571	68.0	-0.002396540852
Cedar Hill, TX - High Pointe	-0.07142857143	58.0	0.034997244
Houston, TX - Settegast	0.8571428571	68.0	0.03694252907
Abilene, TX - Elmwood Area	0.2941176471	83.5	0.005446338736
Frisco, TX - Grayhawk	-0.1875	67.0	-0.006533333768
Dallas, TX - Acorn-Ewing-Corinth	-0.1666666667	47.5	-0.07564360499
Carrollton, TX - Northwest Carrollton	-0.03125	56.0	-0.01515284083
Haltom City, TX - Browning Heights	0.125	58.0	-0.02938531795
Dallas, TX - Mountain Creek	-0.4242424242	73.0	-0.006327443562
Hideaway, TX - Hideaway Lake	0.75	97.0	-0.02599796546
La Porte, TX - Lomax	0.2	38.5	0.0005167113752
Fort Worth, TX - Harmony Hills	2.25	95.0	-0.01553071485
Houston, TX - Cottage Grove	0.55	58.0	0.003444865153
Austin, TX - Franklin Park	-0.4117647059	73.0	0.01865370422
El Paso, TX - Irvin View Pointe	-0.1875	19.5	0.009528350776
Houston, TX - South Park	-0.3461538462	60.0	-0.009688902752
Pecan Grove, TX - Pecan Grove Plantation	0.0	43.0	-0.02077985953
Cedar Park, TX - Ranch at Brushy Creek	1.0	39.5	-0.02997927736
Houston, TX - Greenwood Forest	0.5	36.0	0.04073812216
Houston, TX - Inner Loop West	0.01083591331	41.0	0.002831292634
Houston, TX - Independence Heights	-0.2321428571	52.0	-0.01416529159
Pinehurst, TX - Woodtrace	0.7142857143	81.5	0.003622308546
Missouri City, TX - Riverstone	0.3333333333	40.5	-0.008585245218
Fort Worth, TX - Marine Creek Ranch	-0.4285714286	101.0	0.0003302453508
San Antonio, TX - Judson	-0.3276231263	83.5	-0.003830997309
San Antonio, TX - Woods of Shavano	0.2307692308	52.5	-0.02836124384
Houston, TX - Minnetex	-0.1666666667	63.5	-0.0242422598
Dallas, TX - Bluffview	0.625	36.0	0.006173006373
Dallas, TX - Lower Greenville	-0.35	52.0	-0.02134171683
Irving, TX - Valley Ranch	0.2857142857	52.0	-0.007563701994
El Paso, TX - West Valley	1.0	163.52999999999997	-0.05495356821
El Paso, TX - Notheast El Paso	0.119873817	68.5	0.002966408119
The Woodlands, TX - Grogan's Mill	0.0	42.0	-0.01275759749
Fort Worth, TX - Heritage	0.1621621622	58.0	-0.007638683973
Carrollton, TX - North Central Carrollton	0.8666666667	30.0	-0.01388009869
San Antonio, TX - West San Antonio	-0.1281847134	86.0	0.003937558639
The Woodlands, TX - Sterling Ridge	0.3793103448	13.0	-0.002072734188
Houston, TX - Mission Bend North	0.5833333333	28.0	-0.0257992824
Plano, TX - Willow Bend	1.333333333	15.5	0.003323686379
San Antonio, TX - Far West Side	-0.1079274117	83.0	0.001163765053
Fort Worth, TX - South Hills	-0.12	57.5	0.002144187727
Pearland, TX - Shadow Creek Ranch	-0.01960784314	33.5	-0.002480411323
Mission, TX - Sharyland Plantation	0.09090909091	68.5	0.0212964607
San Antonio, TX - Gillette	1.8	127.0	0.06305554239859998
Arlington, TX - Woodland West	0.6666666667	57.0	-0.006609588896
San Antonio, TX - Monte Vista	0.6666666667	87.0	-0.01876063674
Corinth, TX - Oakmont	-0.375	47.0	-0.01568953277
Carrollton, TX - Central Carrollton	0.08333333333	24.0	0.01760880737
Austin, TX - Dittmar-Slaughter	-0.09523809524	102.0	-0.02574698653
San Antonio, TX - Mission San Jose	2.8	28.0	0.06117370295
San Antonio, TX - Vance Jackson	0.1923076923	51.0	0.007002647929
Tyler, TX - Northwest Tyler	-0.02941176471	48.5	-0.02011265142
Houston, TX - Falls at Imperial Oaks	0.1428571429	20.0	0.004455296291
Fort Worth, TX - Eagle Ranch	0.1538461538	95.0	-0.004494065494
Dallas, TX - Dixon Branch	0.1	26.0	0.0226780286
Austin, TX - Cherry Creek	-0.1111111111	70.0	-0.01415104535
Garland, TX - Northeast Garland	-0.25	47.0	-0.001016842108
Houston, TX - Alief	-0.04285714286	62.0	-0.00150004888
Deer Park, TX - Deer Park Gardens	0.75	56.5	-0.01707063718
Cedar Park, TX - Buttercup Creek	1.0	71.5	0.009906392703
Fort Worth, TX - Lakewood	-0.16	142.0	-0.003876278839
San Antonio, TX - Central City	0.1171548117	76.0	0.003296549431
El Paso, TX - Tres Suenos	-0.4680851064	57.0	-0.008516565253
San Antonio, TX - Rainbow Hills	1.5	46.0	-0.004017347282
San Antonio, TX - The Heights at Stone Oak	2.333333333	57.5	-0.01088655349
Dallas, TX - West Kleberg	-0.1904761905	73.0	0.0001704844583
Austin, TX - West Oak Hill	0.35	42.0	0.02565368558
Houston, TX - Lawndale-Wayside	-0.4444444444	99.5	0.004323483057
Galveston, TX - East End Historic District	0.2222222222	148.0	0.002009337768
Pecan Grove, TX - Long Meadow Farms	-0.56	34.0	-0.004254775111
Tyler, TX - Southwest Tyler	0.1351351351	58.5	0.01602713982
Arlington, TX - West Arlington	0.1472392638	64.5	0.004113042095
Dallas, TX - Cedar Crest	-0.08064516129	68.0	-0.01803197535
San Antonio, TX - Highland Park	-0.2	115.5	-0.03599615625
San Antonio, TX - Far North Central	0.125	74.0	-0.009002244516
El Paso, TX - Cooperstown	0.1818181818	86.0	0.001595587142
Houston, TX - Cypress Mill	-0.09090909091	13.5	-0.002639119377
Fort Worth, TX - Hallmark-Camelot Highland Terrace	0.2	41.0	0.02742223069
San Antonio, TX - Stone Oak	0.2432432432	75.0	-0.01145059479
Dallas, TX - Highland Hills	0.0	77.0	-0.01622674028
Fort Worth, TX - Wedgwood East	0.2	20.5	-0.005284160742
San Antonio, TX - Jefferson	-0.125	72.5	-0.02887993059
Austin, TX - South Lawn	-0.1052631579	105.5	0.007412261203
Houston, TX - Denver Harbor-Port Houston	1.8	72.5	-0.03512541864
Fort Worth, TX - Hamlet	2.8	67.0	0.02815738799
Killeen, TX - White Rock Estates	0.07692307692	70.0	0.02378077393
Houston, TX - Westside	-0.1018329939	45.0	-0.005882658421
Austin, TX - Bull Creek	-0.380952381	30.0	0.02939028492
San Antonio, TX - Greater Harmony Hils	-0.1176470588	70.0	0.01301491095
Austin, TX - Brodie Lane	-0.21875	87.0	-0.01180760456
Atascocita, TX - Eagle Springs	-0.2121212121	30.5	-0.005696921928
Katy, TX - Cane Island	-0.7	90.0	0.009501734038
Fort Worth, TX - South Hills South	0.5714285714	25.0	0.03687759681
Austin, TX - Mansfield-River Place	-0.2105263158	163.52999999999997	-0.02210152977
McKinney, TX - Westridge	-0.06	50.0	-0.004300674417
Austin, TX - Oak Hill	0.1551724138	42.5	0.02216385395
Fort Worth, TX - Garden Acres	-0.4347826087	65.0	-0.01185834604
Round Rock, TX - Vista Oaks	0.8333333333	119.0	0.01758094866
Fort Worth, TX - Central Meadowbrook	-0.1538461538	41.0	-0.02072555884
Kyle, TX - New Town Community	-0.4117647059	99.0	0.01051299476
San Antonio, TX - Midtown	-0.08108108108	99.0	-0.0100375898
Rowlett, TX - Waterview	0.2222222222	79.0	-0.009557381831
The Woodlands, TX - Auburn Lakes	0.5555555556	82.0	0.0125530843
Frisco, TX - Stonebriar	0.4	28.5	0.01800676305
Dripping Springs, TX - Belterra	0.5833333333	94.0	-0.003891238049
Houston, TX - Greenway-Upper Kirby	0.3076923077	68.0	0.01517529435
Fort Worth, TX - TCU-Westcliff	-0.05797101449	34.0	-0.007932023311
Houston, TX - Greater Uptown	-0.1403508772	34.0	-0.00236630666
Austin, TX - Mueller	0.0	60.5	-0.01616994346
San Antonio, TX - East Side	0.09239130435	99.0	0.02234872719
Pearland, TX - Silverlake	-0.4814814815	56.0	-0.01820007712
Forney, TX - Windmill Farms	-0.44	47.5	0.01755742506
Fort Worth, TX - Ryanwood	0.3	63.0	-0.01440801227
Houston, TX - Fairbanks-Northwest Crossing	2.0	92.0	-0.006230720383
Timberwood Park, TX - Lookout Canyon	1.142857143	62.0	0.02513272635
Fort Worth, TX - Far West Fort Worth	-0.1857923497	65.0	0.00923972034
San Antonio, TX - Villages of Westcreek	-0.2068965517	69.0	-0.007741366528
Conroe, TX - Jacobs Reserve	0.3076923077	47.0	0.01385260059
San Antonio, TX - Southeast San Antonio	0.06808510638	100.0	0.009247225997
Dallas, TX - Los Altos	-0.4	117.5	-0.03858939181
